Country Code,State Code,ZIP/Postcode,City,Rate %
US,OK,74720,ACHILLE,8
US,OK,74820,ADA,9.375
US,OK,74821,ADA,9.375
US,OK,74843,ADA,9.375
US,OK,74871,ADA,9.375
US,OK,74330,ADAIR,9.875
US,OK,74457,ADAIR,6.25
US,OK,74931,ADAIR,6.25
US,OK,73520,ADDINGTON,8.5
US,OK,74824,AGRA,9.5
US,OK,74521,ALBION,6.5
US,OK,74522,ALDERSON,8
US,OK,73011,ALEX,8.25
US,OK,73716,ALINE,9.5
US,OK,74825,ALLEN,8.5
US,OK,73521,ALTUS,9.75
US,OK,73522,ALTUS,9.75
US,OK,73523,ALTUS,9.75
US,OK,73717,ALVA,9.25
US,OK,73004,AMBER,9.25
US,OK,73718,AMES,9.25
US,OK,73719,AMORITA,6.5
US,OK,74523,ANTLERS,10
US,OK,73006,APACHE,10
US,OK,73620,ARAPAHO,8
US,OK,73402,ARDMORE,9.125
US,OK,73403,ARDMORE,9.125
US,OK,73458,ARDMORE,9.125
US,OK,74901,ARKOMA,9.5
US,OK,73832,ARNETT,10.5
US,OK,74826,ASHER,9.995
US,OK,73432,ATOKA,6.5
US,OK,74525,ATOKA,10.5
US,OK,74540,ATOKA,6.5
US,OK,74555,ATOKA,6.5
US,OK,74576,ATOKA,6.5
US,OK,74827,ATWOOD,7.5
US,OK,74001,AVANT,7.75
US,OK,74002,BARNSDALL,9.75
US,OK,74003,BARTLESVILLE,9.15
US,OK,74004,BARTLESVILLE,8.9
US,OK,74005,BARTLESVILLE,8.9
US,OK,74006,BARTLESVILLE,8.9
US,OK,74051,BARTLESVILLE,8.9
US,OK,73931,BEAVER,6.5
US,OK,73932,BEAVER,9.5
US,OK,73950,BEAVER,6.5
US,OK,74047,BEGGS,10.583
US,OK,74421,BEGGS,10.583
US,OK,74447,BEGGS,10.583
US,OK,74723,BENNINGTON,9
US,OK,74331,BERNICE,9.7
US,OK,73622,BESSIE,8.5
US,OK,74332,BIG CABIN,9
US,OK,74630,BILLINGS,10
US,OK,73009,BINGER,10
US,OK,74011,BIXBY,8.917
US,OK,74133,BIXBY,8.917
US,OK,74631,BLACKWELL,10.75
US,OK,73770,BLAINE,5.375
US,OK,73526,BLAIR,8.625
US,OK,73010,BLANCHARD,10.25
US,OK,73065,BLANCHARD,10
US,OK,74333,BLUEJACKET,8.5
US,OK,73933,BOISE CITY,9.5
US,OK,74726,BOKCHITO,9
US,OK,74930,BOKOSHE,10.5
US,OK,74829,BOLEY,11.5
US,OK,74727,BOSWELL,9.5
US,OK,74830,BOWLEGS,8.75
US,OK,74422,BOYNTON,7.15
US,OK,74423,BRAGGS,8.15
US,OK,74439,BRAGGS,8.15
US,OK,74632,BRAMAN,9.75
US,OK,74010,BRISTOW,10.667
US,OK,74012,BROKEN ARROW,9.35
US,OK,74013,BROKEN ARROW,8.417
US,OK,74530,BROMIDE,6.5
US,OK,74721,BRYAN,5
US,OK,74731,BRYAN,5
US,OK,74753,BRYAN,5
US,OK,73834,BUFFALO,9.5
US,OK,74633,BURBANK,7.75
US,OK,73624,BURNS FLAT,10.5
US,OK,73647,BURNS FLAT,10.5
US,OK,73625,BUTLER,8
US,OK,74831,BYARS,9
US,OK,73722,BYRON,8.5
US,OK,73527,CACHE,8.625
US,OK,73001,CADDO,6
US,OK,73014,CALUMET,8.85
US,OK,74531,CALVIN,9.5
US,OK,73835,CAMARGO,10.25
US,OK,74932,CAMERON,8.5
US,OK,74425,CANADIAN,10.5
US,OK,74533,CANEY,8.5
US,OK,73724,CANTON,8.375
US,OK,73626,CANUTE,10.5
US,OK,73726,CARMEN,9.5
US,OK,73015,CARNEGIE,10
US,OK,74832,CARNEY,9.5
US,OK,73727,CARRIER,4.85
US,OK,73435,CARTER,5.375
US,OK,73437,CARTER,5.375
US,OK,73488,CARTER,5.375
US,OK,73627,CARTER,8.85
US,OK,73016,CASHION,9.75
US,OK,74833,CASTLE,9.5
US,OK,74116,CATOOSA,9.25
US,OK,73017,CEMENT,9.5
US,OK,74534,CENTRAHOMA,6.5
US,OK,74834,CHANDLER,9.5
US,OK,73528,CHATTANOOGA,7.875
US,OK,74426,CHECOTAH,10.5
US,OK,74016,CHELSEA,9
US,OK,73728,CHEROKEE,9.75
US,OK,74364,CHEROKEE,6.25
US,OK,74427,CHEROKEE,6.25
US,OK,74444,CHEROKEE,6.25
US,OK,74451,CHEROKEE,6.25
US,OK,74452,CHEROKEE,6.25
US,OK,74471,CHEROKEE,6.25
US,OK,73628,CHEYENNE,9
US,OK,73018,CHICKASHA,9.5
US,OK,73023,CHICKASHA,9.5
US,OK,73067,CHICKASHA,9.5
US,OK,74738,CHOCTAW,6.5
US,OK,74755,CHOCTAW,6.5
US,OK,74760,CHOCTAW,6.5
US,OK,74761,CHOCTAW,6.5
US,OK,74337,CHOUTEAU,10.375
US,OK,73937,CIMARRON,6.5
US,OK,73946,CIMARRON,6.5
US,OK,74018,CLAREMORE,9
US,OK,74036,CLAREMORE,9
US,OK,74536,CLAYTON,10.5
US,OK,74880,CLEARVIEW,10.5
US,OK,73729,CLEO SPRINGS,11.25
US,OK,73139,CLEVELAND,8.75
US,OK,73144,CLEVELAND,8.75
US,OK,73149,CLEVELAND,8.75
US,OK,73159,CLEVELAND,8.75
US,OK,73160,CLEVELAND,8.75
US,OK,73169,CLEVELAND,8.75
US,OK,73170,CLEVELAND,8.75
US,OK,73189,CLEVELAND,8.75
US,OK,74020,CLEVELAND,9.6
US,OK,73601,CLINTON,11
US,OK,74535,COAL,6.5
US,OK,74538,COALGATE,9.5
US,OK,74733,COLBERT,9
US,OK,74021,COLLINSVILLE,10.8
US,OK,73021,COLONY,8.5
US,OK,73529,COMANCHE,9.2
US,OK,73558,COMANCHE,4.875
US,OK,74339,COMMERCE,10.85
US,OK,74354,COMMERCE,10.85
US,OK,74022,COPAN,8.5
US,OK,73632,CORDELL,10.5
US,OK,73024,CORN,8.5
US,OK,74428,COUNCIL HILL,7.15
US,OK,73730,COVINGTON,8.85
US,OK,74014,COWETA,9.8
US,OK,74429,COWETA,9.8
US,OK,74046,CREEK,5.667
US,OK,73028,CRESCENT,8.25
US,OK,74837,CROMWELL,8.75
US,OK,74430,CROWDER,10
US,OK,74023,CUSHING,9.313
US,OK,73639,CUSTER CITY,9
US,OK,73029,CYRIL,10
US,OK,73731,DACOMA,5
US,OK,74026,DAVENPORT,9.5
US,OK,73530,DAVIDSON,10.5
US,OK,73030,DAVIS,9.5
US,OK,73039,DAVIS,9.5
US,OK,74636,DEER CREEK,8.75
US,OK,73129,DEL CITY,9
US,OK,73135,DEL CITY,9
US,OK,73155,DEL CITY,9
US,OK,73165,DEL CITY,9
US,OK,74027,DELAWARE,8.5
US,OK,74342,DELAWARE,6.2
US,OK,74368,DELAWARE,6.2
US,OK,74028,DEPEW,9.667
US,OK,73531,DEVOL,6.5
US,OK,74431,DEWAR,10.083
US,OK,74437,DEWAR,10.083
US,OK,73646,DEWEY,6.25
US,OK,73659,DEWEY,6.25
US,OK,74029,DEWEY,8.9
US,OK,73002,DIBBLE,10
US,OK,73031,DIBBLE,10
US,OK,73052,DIBBLE,10
US,OK,73641,DILL CITY,9.5
US,OK,74340,DISNEY,9.75
US,OK,73032,DOUGHERTY,8.5
US,OK,73733,DOUGLAS,6.85
US,OK,73734,DOVER,9.75
US,OK,73735,DRUMMOND,7.85
US,OK,73532,DUKE,9.125
US,OK,73055,DUNCAN,8.7
US,OK,73534,DUNCAN,8.7
US,OK,73536,DUNCAN,8.7
US,OK,74701,DURANT,9.375
US,OK,74702,DURANT,9.375
US,OK,74729,DURANT,9.375
US,OK,74730,DURANT,9.375
US,OK,74839,DUSTIN,9.5
US,OK,73033,EAKLY,9
US,OK,73025,EDMOND,8.25
US,OK,73034,EDMOND,8.25
US,OK,73083,EDMOND,8.25
US,OK,73022,EL RENO,8.85
US,OK,73538,ELGIN,8.875
US,OK,73644,ELK CITY,9.35
US,OK,73648,ELK CITY,9.35
US,OK,73539,ELMER,5.625
US,OK,73701,ENID,9.1
US,OK,73702,ENID,9.1
US,OK,73703,ENID,9.1
US,OK,73705,ENID,9.1
US,OK,73706,ENID,9.1
US,OK,73645,ERICK,9.85
US,OK,74432,EUFAULA,10
US,OK,74637,FAIRFAX,8.75
US,OK,74343,FAIRLAND,8.85
US,OK,73736,FAIRMONT,7.85
US,OK,73737,FAIRVIEW,10.25
US,OK,74935,FANSHAWE,9.5
US,OK,74966,FANSHAWE,9.5
US,OK,73840,FARGO,9.5
US,OK,73540,FAXON,6.875
US,OK,73541,FLETCHER,8.875
US,OK,73938,FORGAN,9.5
US,OK,73038,FORT COBB,10
US,OK,74959,FORT COFFEE,9.5
US,OK,74434,FORT GIBSON,10.75
US,OK,73841,FORT SUPPLY,8.4
US,OK,74735,FORT TOWSON,10
US,OK,74756,FORT TOWSON,10
US,OK,73433,FOSTER,9.25
US,OK,73434,FOSTER,9.25
US,OK,74017,FOYIL,10
US,OK,74031,FOYIL,10
US,OK,74844,FRANCIS,9.375
US,OK,73542,FREDERICK,10
US,OK,73842,FREEDOM,7
US,OK,73843,GAGE,9.5
US,OK,74936,GANS,7.917
US,OK,73738,GARBER,8.85
US,OK,73720,GARFIELD,4.85
US,OK,74736,GARVIN,9.25
US,OK,73844,GATE,8.5
US,OK,73040,GEARY,8.875
US,OK,73436,GENE AUTRY,8.375
US,OK,73543,GERONIMO,7.875
US,OK,74032,GLENCOE,9.975
US,OK,74008,GLENPOOL,9.967
US,OK,74033,GLENPOOL,9.967
US,OK,74037,GLENPOOL,9.967
US,OK,74066,GLENPOOL,9.967
US,OK,73739,GOLTRY,9.5
US,OK,73939,GOODWELL,8.95
US,OK,74435,GORE,9.917
US,OK,73041,GOTEBO,10
US,OK,73544,GOULD,10.5
US,OK,73005,GRACEMONT,10
US,OK,73042,GRACEMONT,10
US,OK,73546,GRANDFIELD,9.5
US,OK,73547,GRANITE,9.5
US,OK,74646,GRANT,5.75
US,OK,73043,GREENFIELD,8.375
US,OK,74344,GROVE,10.2
US,OK,74345,GROVE,10.2
US,OK,73942,GUYMON,9.95
US,OK,74546,HAILEYVILLE,9
US,OK,74034,HALLETT,10.6
US,OK,74038,HALLETT,10.6
US,OK,73650,HAMMON,9
US,OK,74845,HANNA,10.5
US,OK,73944,HARDESTY,9.95
US,OK,73537,HARMON,8.5
US,OK,73571,HARMON,8.5
US,OK,73855,HARPER,6.5
US,OK,74547,HARTSHORNE,9.75
US,OK,74436,HASKELL,9.5
US,OK,74440,HASKELL,6.5
US,OK,74943,HASKELL,6.5
US,OK,73548,HASTINGS,9.5
US,OK,74740,HAWORTH,9.75
US,OK,73549,HEADRICK,5.625
US,OK,73438,HEALDTON,9.375
US,OK,74937,HEAVENER,10
US,OK,74940,HEAVENER,10
US,OK,73741,HELENA,9.5
US,OK,74741,HENDRIX,5
US,OK,73742,HENNESSEY,9.75
US,OK,73743,HILLSDALE,5.85
US,OK,73047,HINTON,9.75
US,OK,73744,HITCHCOCK,8.375
US,OK,74438,HITCHITA,6.5
US,OK,73651,HOBART,10
US,OK,74848,HOLDENVILLE,10.5
US,OK,73550,HOLLIS,11.5
US,OK,73551,HOLLISTER,9.5
US,OK,74035,HOMINY,9.25
US,OK,73945,HOOKER,9.95
US,OK,74743,HUGO,10
US,OK,74441,HULBERT,10.25
US,OK,74640,HUNTER,6.85
US,OK,73048,HYDRO,10.5
US,OK,74728,IDABEL,10.25
US,OK,74745,IDABEL,10.25
US,OK,73552,INDIAHOMA,8.875
US,OK,74442,INDIANOLA,9
US,OK,74346,JAY,9.2
US,OK,73561,JEFFERSON,6.5
US,OK,73749,JET,9.5
US,OK,74836,JOHNSTON,6.5
US,OK,73020,JONES,9.5
US,OK,73049,JONES,9.5
US,OK,73084,JONES,9.5
US,OK,74347,KANSAS,10.2
US,OK,74641,KAW CITY,10.25
US,OK,74747,KEMP,5
US,OK,74079,KENDRICK,9.5
US,OK,74748,KENEFIC,8
US,OK,74941,KEOTA,10
US,OK,74349,KETCHUM,9.5
US,OK,73947,KEYES,8.5
US,OK,74041,KIEFER,9.667
US,OK,73750,KINGFISHER,9.25
US,OK,73764,KINGFISHER,5.75
US,OK,73439,KINGSTON,9.5
US,OK,74552,KINTA,9
US,OK,74553,KIOWA,11
US,OK,74849,KONAWA,9.75
US,OK,74554,KREBS,10
US,OK,73753,KREMLIN,7.85
US,OK,73754,LAHOMA,9.35
US,OK,74850,LAMAR,8.5
US,OK,74643,LAMONT,10.75
US,OK,74301,LANGLEY,9.5
US,OK,74350,LANGLEY,8.875
US,OK,73027,LANGSTON,9.25
US,OK,73044,LANGSTON,9.25
US,OK,73050,LANGSTON,9.25
US,OK,74545,LATIMER,5.75
US,OK,74559,LATIMER,5.75
US,OK,73848,LAVERNE,9.75
US,OK,73501,LAWTON,9
US,OK,73502,LAWTON,9
US,OK,73503,LAWTON,9
US,OK,73505,LAWTON,9
US,OK,73506,LAWTON,9
US,OK,73507,LAWTON,9
US,OK,74549,LE FLORE,6.5
US,OK,74577,LE FLORE,6.5
US,OK,74939,LE FLORE,6.5
US,OK,74947,LE FLORE,6.5
US,OK,74949,LE FLORE,6.5
US,OK,73654,LEEDEY,9.25
US,OK,74942,LEFLORE,7.5
US,OK,74556,LEHIGH,8.5
US,OK,74042,LENAPAH,8.5
US,OK,73441,LEON,7
US,OK,73442,LOCO,8.2
US,OK,74352,LOCUST GROVE,10.875
US,OK,73443,LONE GROVE,9.375
US,OK,73463,LONE GROVE,9.375
US,OK,73655,LONE WOLF,9
US,OK,73755,LONGDALE,8.375
US,OK,73053,LOOKEBA,9
US,OK,73430,LOVE,7
US,OK,73453,LOVE,7
US,OK,73756,LOYAL,9.75
US,OK,74852,MACOMB,8.995
US,OK,73446,MADILL,9.5
US,OK,71953,MAJOR,6.25
US,OK,73747,MAJOR,6.25
US,OK,73838,MAJOR,6.25
US,OK,73758,MANCHESTER,6.75
US,OK,73554,MANGUM,9.5
US,OK,73555,MANITOU,9.5
US,OK,74044,MANNFORD,9.6
US,OK,74081,MANNFORD,9.6
US,OK,73401,MANNSVILLE,9.5
US,OK,73447,MANNSVILLE,9.5
US,OK,74045,MARAMEC,9.1
US,OK,74945,MARBLE CITY,8.917
US,OK,73448,MARIETTA,10
US,OK,74644,MARLAND,9
US,OK,73056,MARSHALL,9.25
US,OK,73440,MARSHALL,6.5
US,OK,73556,MARTHA,5.625
US,OK,74854,MAUD,9.995
US,OK,73851,MAY,8.5
US,OK,73057,MAYSVILLE,9.25
US,OK,74502,MCALESTER,10
US,OK,74722,MCCURTAIN,6.25
US,OK,74724,MCCURTAIN,6.25
US,OK,74734,MCCURTAIN,6.25
US,OK,74737,MCCURTAIN,6.25
US,OK,74752,MCCURTAIN,6.25
US,OK,74944,MCCURTAIN,10
US,OK,74963,MCCURTAIN,6.25
US,OK,74461,MCINTOSH,6.5
US,OK,74804,MCLOUD,9.995
US,OK,74857,MCLOUD,9.995
US,OK,73449,MEAD,7
US,OK,73759,MEDFORD,9.75
US,OK,73557,MEDICINE PARK,9
US,OK,74855,MEEKER,9.5
US,OK,73760,MENO,9.25
US,OK,73768,MENO,9.25
US,OK,73058,MERIDIAN,7.25
US,OK,74355,MIAMI,9.5
US,OK,73110,MIDWEST CITY,9.1
US,OK,73115,MIDWEST CITY,9.1
US,OK,73117,MIDWEST CITY,9.1
US,OK,73140,MIDWEST CITY,9.1
US,OK,73150,MIDWEST CITY,9.1
US,OK,73450,MILBURN,8.5
US,OK,74856,MILL CREEK,10
US,OK,74750,MILLERTON,9.25
US,OK,74764,MILLERTON,9.25
US,OK,73059,MINCO,9.25
US,OK,74946,MOFFETT,7.917
US,OK,73153,MOORE,8.5
US,OK,73852,MOORELAND,9.4
US,OK,74445,MORRIS,10.083
US,OK,73061,MORRISON,10
US,OK,73559,MOUNTAIN PARK,9
US,OK,73062,MOUNTAIN VIEW,10
US,OK,73063,MULHALL,8.25
US,OK,73444,MURRAY,6.5
US,OK,74401,MUSKOGEE,9.15
US,OK,74402,MUSKOGEE,9.15
US,OK,74403,MUSKOGEE,9.15
US,OK,73853,MUTUAL,5.4
US,OK,73761,NASH,8.75
US,OK,73071,NEWCASTLE,9
US,OK,73072,NEWCASTLE,9
US,OK,74647,NEWKIRK,9.75
US,OK,73066,NICOMA PARK,9.5
US,OK,73130,NICOMA PARK,9.5
US,OK,73141,NICOMA PARK,9.5
US,OK,73068,NOBLE,8.75
US,OK,73757,NOBLE,6
US,OK,73019,NORMAN,8.75
US,OK,73069,NORMAN,8.75
US,OK,73070,NORMAN,8.75
US,OK,74358,NORTH MIAMI,9.35
US,OK,74048,NOWATA,9.5
US,OK,74359,OAKS,9.2
US,OK,73658,OAKWOOD,6.25
US,OK,74030,OILTON,10.667
US,OK,74052,OILTON,10.667
US,OK,74446,OKAY,9.8
US,OK,74467,OKAY,9.8
US,OK,73763,OKEENE,9.625
US,OK,73003,OKLAHOMA CITY,8.625
US,OK,73007,OKLAHOMA CITY,8.625
US,OK,73008,OKLAHOMA CITY,8.625
US,OK,73012,OKLAHOMA CITY,8.625
US,OK,73013,OKLAHOMA CITY,8.625
US,OK,73036,OKLAHOMA CITY,8.975
US,OK,73045,OKLAHOMA CITY,8.625
US,OK,73054,OKLAHOMA CITY,8.625
US,OK,73064,OKLAHOMA CITY,8.975
US,OK,73097,OKLAHOMA CITY,8.625
US,OK,73101,OKLAHOMA CITY,8.625
US,OK,73102,OKLAHOMA CITY,8.625
US,OK,73103,OKLAHOMA CITY,8.625
US,OK,73104,OKLAHOMA CITY,8.625
US,OK,73105,OKLAHOMA CITY,8.625
US,OK,73106,OKLAHOMA CITY,8.625
US,OK,73107,OKLAHOMA CITY,8.625
US,OK,73108,OKLAHOMA CITY,8.625
US,OK,73109,OKLAHOMA CITY,8.625
US,OK,73111,OKLAHOMA CITY,8.625
US,OK,73112,OKLAHOMA CITY,8.625
US,OK,73113,OKLAHOMA CITY,8.625
US,OK,73114,OKLAHOMA CITY,8.625
US,OK,73116,OKLAHOMA CITY,8.625
US,OK,73118,OKLAHOMA CITY,8.625
US,OK,73119,OKLAHOMA CITY,8.625
US,OK,73121,OKLAHOMA CITY,8.625
US,OK,73122,OKLAHOMA CITY,8.625
US,OK,73124,OKLAHOMA CITY,8.625
US,OK,73125,OKLAHOMA CITY,8.625
US,OK,73126,OKLAHOMA CITY,8.625
US,OK,73127,OKLAHOMA CITY,8.975
US,OK,73128,OKLAHOMA CITY,8.975
US,OK,73131,OKLAHOMA CITY,8.625
US,OK,73132,OKLAHOMA CITY,8.975
US,OK,73136,OKLAHOMA CITY,8.625
US,OK,73137,OKLAHOMA CITY,8.625
US,OK,73142,OKLAHOMA CITY,8.625
US,OK,73143,OKLAHOMA CITY,8.625
US,OK,73145,OKLAHOMA CITY,8.625
US,OK,73146,OKLAHOMA CITY,8.625
US,OK,73147,OKLAHOMA CITY,8.625
US,OK,73148,OKLAHOMA CITY,8.625
US,OK,73151,OKLAHOMA CITY,8.625
US,OK,73152,OKLAHOMA CITY,8.625
US,OK,73154,OKLAHOMA CITY,8.625
US,OK,73157,OKLAHOMA CITY,8.625
US,OK,73162,OKLAHOMA CITY,8.975
US,OK,73163,OKLAHOMA CITY,8.625
US,OK,73164,OKLAHOMA CITY,8.625
US,OK,73167,OKLAHOMA CITY,8.625
US,OK,73172,OKLAHOMA CITY,8.625
US,OK,73173,OKLAHOMA CITY,8.975
US,OK,73178,OKLAHOMA CITY,8.625
US,OK,73179,OKLAHOMA CITY,8.975
US,OK,73184,OKLAHOMA CITY,8.625
US,OK,73190,OKLAHOMA CITY,8.625
US,OK,73194,OKLAHOMA CITY,8.625
US,OK,73195,OKLAHOMA CITY,8.625
US,OK,73196,OKLAHOMA CITY,8.625
US,OK,74851,OKLAHOMA CITY,10.12
US,OK,74456,OKMULGEE,6.083
US,OK,74859,OKMULGEE,10.5
US,OK,73560,OLUSTEE,6.625
US,OK,73073,ORLANDO,9.313
US,OK,74054,OSAGE,5.75
US,OK,74335,OTTAWA,5.85
US,OK,74360,OTTAWA,5.85
US,OK,74015,OWASSO,10.05
US,OK,74019,OWASSO,10.05
US,OK,74055,OWASSO,10.05
US,OK,74860,PADEN,9.5
US,OK,74951,PANAMA,9.5
US,OK,73074,PAOLI,8.25
US,OK,73075,PAULS VALLEY,9.75
US,OK,74056,PAWHUSKA,9.75
US,OK,74058,PAWNEE,9.6
US,OK,74059,PERKINS,8.688
US,OK,73077,PERRY,10.25
US,OK,73078,PIEDMONT,9.85
US,OK,73099,PIEDMONT,9.85
US,OK,73762,PIEDMONT,10.75
US,OK,73026,PINK,8.995
US,OK,74528,PITTSBURG,6
US,OK,74529,PITTSBURG,6
US,OK,74560,PITTSBURG,9
US,OK,73079,POCASSET,6.75
US,OK,74902,POCOLA,10.5
US,OK,74601,PONCA CITY,9.583
US,OK,74602,PONCA CITY,9.583
US,OK,74604,PONCA CITY,9.583
US,OK,73766,POND CREEK,9.75
US,OK,74842,PONTOTOC,5.375
US,OK,74455,PORUM,10.15
US,OK,74953,POTEAU,9.5
US,OK,74864,PRAGUE,9.5
US,OK,74060,PRUE,8.75
US,OK,74361,PRYOR,9.875
US,OK,74362,PRYOR,9.875
US,OK,73051,PURCELL,9.625
US,OK,73080,PURCELL,10
US,OK,73093,PURCELL,10
US,OK,73095,PURCELL,10
US,OK,74543,PUSHMATAHA,6.5
US,OK,74557,PUSHMATAHA,6.5
US,OK,74558,PUSHMATAHA,6.5
US,OK,74567,PUSHMATAHA,6.5
US,OK,74574,PUSHMATAHA,6.5
US,OK,74754,PUSHMATAHA,6.5
US,OK,74363,QUAPAW,8.85
US,OK,74561,QUINTON,9
US,OK,74650,RALSTON,9.1
US,OK,74061,RAMONA,7.5
US,OK,73562,RANDLETT,6.5
US,OK,73481,RATLIFF CITY,8.875
US,OK,74562,RATTAN,10
US,OK,73455,RAVIA,9.5
US,OK,74563,RED OAK,8.75
US,OK,74651,RED ROCK,11
US,OK,74458,REDBIRD,5.8
US,OK,74459,RENTIESVILLE,10.5
US,OK,73660,REYDON,8
US,OK,73456,RINGLING,9
US,OK,74062,RIPLEY,8.313
US,OK,73661,ROCKY,9.5
US,OK,74865,ROFF,9.875
US,OK,73638,ROGER MILLS,6
US,OK,73642,ROGER MILLS,6
US,OK,74053,ROGERS,9
US,OK,74948,ROLAND,9.917
US,OK,74954,ROLAND,9.917
US,OK,73564,ROOSEVELT,9
US,OK,73082,RUSH SPRINGS,9.75
US,OK,73565,RYAN,9.5
US,OK,74866,SAINT LOUIS,5.995
US,OK,74365,SALINA,9.875
US,OK,74955,SALLISAW,9.917
US,OK,74063,SAND SPRINGS,9.8
US,OK,74073,SAND SPRINGS,9.8
US,OK,74126,SAND SPRINGS,9.8
US,OK,74127,SAND SPRINGS,9.8
US,OK,74039,SAPULPA,9.667
US,OK,74067,SAPULPA,9.667
US,OK,74107,SAPULPA,9.667
US,OK,74131,SAPULPA,9.667
US,OK,74132,SAPULPA,9.667
US,OK,74867,SASAKWA,9.75
US,OK,74501,SAVANNA,11
US,OK,74565,SAVANNA,11
US,OK,73662,SAYRE,8.85
US,OK,74460,SCHULTER,6.583
US,OK,73663,SEILING,10.25
US,OK,74818,SEMINOLE,9.75
US,OK,74868,SEMINOLE,9.75
US,OK,73664,SENTINEL,9.5
US,OK,74956,SHADY POINT,10
US,OK,74068,SHAMROCK,8.667
US,OK,73857,SHARON,5.4
US,OK,73858,SHATTUCK,10.5
US,OK,74801,SHAWNEE,9.995
US,OK,74802,SHAWNEE,9.995
US,OK,74840,SHAWNEE,9.995
US,OK,74873,SHAWNEE,9.995
US,OK,74652,SHIDLER,7.75
US,OK,74070,SKIATOOK,10.25
US,OK,74071,SLICK,8.667
US,OK,74957,SMITHVILLE,6.75
US,OK,73566,SNYDER,10
US,OK,74759,SOPER,8.5
US,OK,74072,SOUTH COFFEYVILLE,8.5
US,OK,74869,SPARKS,9.5
US,OK,74366,SPAVINAW,8.875
US,OK,74367,SPAVINAW,8.875
US,OK,73425,STEPHENS,5.2
US,OK,73567,STERLING,7.875
US,OK,74462,STIGLER,10
US,OK,74074,STILLWATER,9.313
US,OK,74075,STILLWATER,9.313
US,OK,74076,STILLWATER,9.313
US,OK,74077,STILLWATER,9.313
US,OK,74078,STILLWATER,9.313
US,OK,74960,STILWELL,10
US,OK,74872,STRATFORD,9.25
US,OK,74569,STRINGTOWN,9.5
US,OK,74570,STUART,9.5
US,OK,73086,SULPHUR,9.5
US,OK,73666,SWEETWATER,7
US,OK,74463,TAFT,9.15
US,OK,74464,TAHLEQUAH,9.5
US,OK,74465,TAHLEQUAH,9.5
US,OK,74080,TALALA,9
US,OK,74571,TALIHINA,9.5
US,OK,73667,TALOGA,9.25
US,OK,73487,TATUMS,10.375
US,OK,73568,TEMPLE,9.5
US,OK,73569,TERRAL,9.5
US,OK,73901,TEXAS,5.95
US,OK,73949,TEXHOMA,8.95
US,OK,73668,TEXOLA,5.85
US,OK,73459,THACKERVILLE,9
US,OK,73120,THE VILLAGE,9
US,OK,73134,THE VILLAGE,9
US,OK,73156,THE VILLAGE,9
US,OK,73669,THOMAS,9.5
US,OK,73553,TILLMAN,6.5
US,OK,73570,TIPTON,10.5
US,OK,73460,TISHOMINGO,9.5
US,OK,74653,TONKAWA,10.25
US,OK,74875,TRYON,9.5
US,OK,74454,TULLAHASSEE,9.8
US,OK,74043,TULSA,4.867
US,OK,74050,TULSA,4.867
US,OK,74101,TULSA,8.517
US,OK,74102,TULSA,8.517
US,OK,74103,TULSA,9.4
US,OK,74104,TULSA,8.517
US,OK,74105,TULSA,8.517
US,OK,74106,TULSA,9.4
US,OK,74108,TULSA,9.45
US,OK,74110,TULSA,8.517
US,OK,74112,TULSA,8.517
US,OK,74114,TULSA,8.517
US,OK,74115,TULSA,8.517
US,OK,74117,TULSA,8.517
US,OK,74119,TULSA,8.517
US,OK,74120,TULSA,8.517
US,OK,74121,TULSA,8.517
US,OK,74128,TULSA,8.517
US,OK,74129,TULSA,8.517
US,OK,74130,TULSA,8.517
US,OK,74134,TULSA,8.517
US,OK,74135,TULSA,8.517
US,OK,74136,TULSA,8.517
US,OK,74137,TULSA,8.517
US,OK,74141,TULSA,8.517
US,OK,74145,TULSA,8.517
US,OK,74146,TULSA,8.517
US,OK,74147,TULSA,8.517
US,OK,74148,TULSA,8.517
US,OK,74149,TULSA,8.517
US,OK,74150,TULSA,8.517
US,OK,74152,TULSA,8.517
US,OK,74153,TULSA,8.517
US,OK,74155,TULSA,8.517
US,OK,74156,TULSA,8.517
US,OK,74157,TULSA,8.517
US,OK,74158,TULSA,8.517
US,OK,74159,TULSA,8.517
US,OK,74169,TULSA,8.517
US,OK,74170,TULSA,8.517
US,OK,74171,TULSA,8.517
US,OK,74172,TULSA,8.517
US,OK,74182,TULSA,8.517
US,OK,74186,TULSA,8.517
US,OK,74187,TULSA,8.517
US,OK,74192,TULSA,8.517
US,OK,74193,TULSA,8.517
US,OK,74572,TUPELO,9.5
US,OK,73089,TUTTLE,9.75
US,OK,73951,TYRONE,8.95
US,OK,73090,UNION CITY,8.85
US,OK,73491,VELMA,9.2
US,OK,73533,VELMA,9.2
US,OK,74082,VERA,7.5
US,OK,73092,VERDEN,9
US,OK,74962,VIAN,9.917
US,OK,73859,VICI,10.25
US,OK,74477,WAGONER,9.8
US,OK,74450,WAINWRIGHT,9.15
US,OK,74468,WAINWRIGHT,9.15
US,OK,73771,WAKITA,9.75
US,OK,73572,WALTERS,9.5
US,OK,74878,WANETTE,9.495
US,OK,74083,WANN,8.5
US,OK,73461,WAPANUCKA,8
US,OK,74469,WARNER,9.15
US,OK,73123,WARR ACRES,8.5
US,OK,73772,WATONGA,11.375
US,OK,73773,WAUKOMIS,8.85
US,OK,73573,WAURIKA,9.5
US,OK,73860,WAYNOKA,10
US,OK,73096,WEATHERFORD,9.5
US,OK,74470,WEBBERS FALLS,10.65
US,OK,74369,WELCH,9.5
US,OK,74881,WELLSTON,9.5
US,OK,74338,WEST SILOAM SPRINGS,10.95
US,OK,74964,WEST SILOAM SPRINGS,10.95
US,OK,74965,WESTVILLE,10
US,OK,74883,WETUMKA,10.5
US,OK,74884,WEWOKA,11
US,OK,74472,WHITEFIELD,9.5
US,OK,74578,WILBURTON,9.25
US,OK,73673,WILLOW,8.5
US,OK,73746,WOODS,5
US,OK,73801,WOODWARD,9.4
US,OK,73802,WOODWARD,9.4
US,OK,74766,WRIGHT CITY,9.25
US,OK,74370,WYANDOTTE,8.85
US,OK,73098,WYNNEWOOD,9.25
US,OK,74084,WYNONA,9.75
US,OK,74085,YALE,9.313
US,OK,73085,YUKON,8.85
